site,avg_power_output
WindFarmA,799.3348923611117
SolarFarmB,300.24147685185164
SolarFarmA,299.0197916666669
